"Vehicle","Simulated","Target"
"Light",0.266346400674414,0.219
"Medium",0.30596654816075,0.29
"Heavy",0.281779212814547,0.229
