"Vehicle","Simulated","Target"
"Light",0.0716476393188854,0.094
"Medium",0.0629668947078714,0.067
"Heavy",0.0384414317080821,0.04
