"Vehicle","Simulated","Target"
"Light",0.235170232708872,0.205
"Medium",0.192441577685716,0.191
"Heavy",0.103899146422379,0.1
