"Vehicle","Simulated","Target"
"Light",0.871686108165429,0.414
"Medium",0.637978483862897,0.07
"Heavy",0.996587030716723,0.182
