"Vehicle","Simulated","Target"
"Light",0.143376442523514,0.205
"Medium",0.110255719680969,0.191
"Heavy",0.052528927746171,0.1
