"Vehicle","Simulated","Target"
"Light",2.22693531283139,2.6
"Medium",3.73154866149612,15.1
"Heavy",2.01706484641638,6.8
