"Vehicle","Simulated","Target"
"Light",0.115006412997007,0.094
"Medium",0.0578225309999121,0.067
"Heavy",0.0436955959665604,0.04
