"Vehicle","Simulated","Target"
"Light",0.387255364078064,0.219
"Medium",0.261020254621415,0.29
"Heavy",0.149797899457932,0.229
